<?xml version="1.0" encoding="UTF-8"?>
<project-private xmlns="http://www.netbeans.org/ns/project-private/1">
    <editor-bookmarks xmlns="http://www.netbeans.org/ns/editor-bookmarks/2" lastBookmarkId="0"/>
    <open-files xmlns="http://www.netbeans.org/ns/projectui-open-files/2">
        <group>
            <file>file:/C:/Users/Gabii/OneDrive/Área%20de%20Trabalho/prjPOODiogoGuilhermeMarcioVictor/projetoPOO1/prjPOODiogoGuilhermeMarcioVictor/src/fatec/poo/view/GuiServicoQuarto.java</file>
            <file>file:/C:/Users/Gabii/OneDrive/Área%20de%20Trabalho/prjPOODiogoGuilhermeMarcioVictor/projetoPOO1/prjPOODiogoGuilhermeMarcioVictor/src/fatec/poo/view/GuiHospede.java</file>
            <file>file:/C:/Users/Gabii/OneDrive/Área%20de%20Trabalho/prjPOODiogoGuilhermeMarcioVictor/projetoPOO1/prjPOODiogoGuilhermeMarcioVictor/src/fatec/poo/view/GuiRegistroHospedagem.java</file>
            <file>file:/C:/Users/Gabii/OneDrive/Área%20de%20Trabalho/prjPOODiogoGuilhermeMarcioVictor/projetoPOO1/prjPOODiogoGuilhermeMarcioVictor/src/fatec/poo/view/GuiQuarto.java</file>
            <file>file:/C:/Users/Gabii/OneDrive/Área%20de%20Trabalho/prjPOODiogoGuilhermeMarcioVictor/projetoPOO1/prjPOODiogoGuilhermeMarcioVictor/src/fatec/poo/view/GuiRecepcionista.java</file>
            <file>file:/C:/Users/Gabii/OneDrive/Área%20de%20Trabalho/prjPOODiogoGuilhermeMarcioVictor/projetoPOO1/prjPOODiogoGuilhermeMarcioVictor/src/fatec/poo/view/GuiMenu.java</file>
        </group>
    </open-files>
</project-private>
